SNO,PROJECT,CODE,2020,2021,2022,2023,2024,All Years,PROGRAM CODE,PROGRAM,PROGRAM NOTE
1,01 SUBWAY CARS,PROJECT TOTAL,"$1,500.00",$0.00,"$1,842.10","$1,314.80","$1,400.00","$6,056.8",T - 801,New York City Transit SUBWAY CARS,
2,01 A-Division Car Purchases,NR,NULL,NULL,NULL,NULL,NULL,"$1,500.0",T - 801,New York City Transit SUBWAY CARS,
3,02 Purchase 640 B-Division Cars (R211 Option 1),NR,NULL,NULL,NULL,NULL,NULL,"$1,842.1",T - 801,New York City Transit SUBWAY CARS,
4,03 Purchase 437 B-Division Cars (R211 Option 2),SI,NULL,NULL,NULL,NULL,NULL,"$1,314.8",T - 801,New York City Transit SUBWAY CARS,
5,04 Purchase A-Division Cars (Option),NR,NULL,NULL,NULL,NULL,NULL,"$1,400.0",T - 801,New York City Transit SUBWAY CARS,
6,02 BUS REPLACEMENT,PROJECT TOTAL,$498.50,$383.90,$396.20,$327.70,$213.70,"$1,820.0",T - 803,New York City Transit BUSES,
7,01 Purchase 375 Standard Electric Buses,NR,NULL,NULL,NULL,NULL,NULL,$704.0,T - 803,New York City Transit BUSES,
8,02 Purchase 713 Standard Buses,NR,NULL,NULL,NULL,NULL,NULL,$543.6,T - 803,New York City Transit BUSES,
9,03 Purchase 100 Articulated Electric Buses,NR,NULL,NULL,NULL,NULL,NULL,$206.1,T - 803,New York City Transit BUSES,
10,04 Purchase 245 Articulated Buses,NR,NULL,NULL,NULL,NULL,NULL,$266.0,T - 803,New York City Transit BUSES,
11,05 Purchase 92 Express Buses,NR,NULL,NULL,NULL,NULL,NULL,$70.2,T - 803,New York City Transit BUSES,
12,06 Purchase 23 Express Buses,SI,NULL,NULL,NULL,NULL,NULL,$18.1,T - 803,New York City Transit BUSES,
13,07 Advanced Tech Bus Development,SI,NULL,NULL,NULL,NULL,NULL,$12.0,T - 803,New York City Transit BUSES,
14,FARE COLLECTION,PROJECT TOTAL,$153.60,$10.70,$14.80,$0.00,$0.00,$179.1,T - 804,New York City Transit PASSENGER STATIONS,
15,New Fare Payment System (NFPS): Add Support Costs,SI,NULL,NULL,NULL,NULL,NULL,$87.6,T - 804,New York City Transit PASSENGER STATIONS,
16,Turnstiles: Refurbishment (excl. electronics),NR,NULL,NULL,NULL,NULL,NULL,$3.4,T - 804,New York City Transit PASSENGER STATIONS,
17,Low Turnstiles: Procurement,SI,NULL,NULL,NULL,NULL,NULL,$7.7,T - 804,New York City Transit PASSENGER STATIONS,
18,Wide Turnstiles: Procurement/Installation,SI,NULL,NULL,NULL,NULL,NULL,$25.0,T - 804,New York City Transit PASSENGER STATIONS,
19,Additional Work: Fare Collection,SGR,NULL,NULL,NULL,NULL,NULL,$55.4,T - 804,New York City Transit PASSENGER STATIONS,
20,STATION ESCALATORS / ELEVATORS,PROJECT TOTAL,$0.00,$790.80,$364.60,$235.60,$0.00,"$1,391.1",T - 804,New York City Transit PASSENGER STATIONS,
21,Replace 17 Hydraulic Elevators,SGR,NULL,NULL,NULL,NULL,NULL,$120.3,T - 804,New York City Transit PASSENGER STATIONS,
22,Replace 61 Hydraulic Elevators,NR,NULL,NULL,NULL,NULL,NULL,$460.9,T - 804,New York City Transit PASSENGER STATIONS,
23,Replace 27 Escalators,SGR,NULL,NULL,NULL,NULL,NULL,$331.4,T - 804,New York City Transit PASSENGER STATIONS,
24,Replace 38 Escalators,NR,NULL,NULL,NULL,NULL,NULL,$478.6,T - 804,New York City Transit PASSENGER STATIONS,
25,STATION WORK,PROJECT TOTAL,$588.10,"$1,027.80",$469.30,$218.80,$221.00,"$2,525.0",T - 804,New York City Transit PASSENGER STATIONS,
26,Station Renewals at 10 ADA Locations,SGR,NULL,NULL,NULL,NULL,NULL,$629.5,T - 804,New York City Transit PASSENGER STATIONS,
27,Station Renewals at 3 Locations,SGR,NULL,NULL,NULL,NULL,NULL,$195.6,T - 804,New York City Transit PASSENGER STATIONS,
28,"Plat, Mezz, & Interior Stair Comps: ADA Locations",SGR,NULL,NULL,NULL,NULL,NULL,$133.4,T - 804,New York City Transit PASSENGER STATIONS,
29,Platform Components: Various Locations,SGR,NULL,NULL,NULL,NULL,NULL,$625.7,T - 804,New York City Transit PASSENGER STATIONS,
30,Station Ventilators: Various Locations,SGR,NULL,NULL,NULL,NULL,NULL,$52.9,T - 804,New York City Transit PASSENGER STATIONS,
31,Small Business Mentoring Program - Stations,SGR,NULL,NULL,NULL,NULL,NULL,$203.4,T - 804,New York City Transit PASSENGER STATIONS,
32,Station Painting: Various Locations,SGR,NULL,NULL,NULL,NULL,NULL,$32.4,T - 804,New York City Transit PASSENGER STATIONS,
33,Misc. Station Component/Renewal Work,SGR,NULL,NULL,NULL,NULL,NULL,$446.3,T - 804,New York City Transit PASSENGER STATIONS,
34,Livonia Av-Junius St Station Connector,SI,NULL,NULL,NULL,NULL,NULL,$38.4,T - 804,New York City Transit PASSENGER STATIONS,
35,Water Condition Remedy: Various Locations,SGR,NULL,NULL,NULL,NULL,NULL,$32.2,T - 804,New York City Transit PASSENGER STATIONS,
36,Miscellaneous Station Investments,NR,NULL,NULL,NULL,NULL,NULL,$59.4,T - 804,New York City Transit PASSENGER STATIONS,
37,Other Station Work,SI,NULL,NULL,NULL,NULL,NULL,$75.8,T - 804,New York City Transit PASSENGER STATIONS,
38,13 ACCESSIBILITY,SI,"$1,007.50","$2,597.60",$698.50,$400.00,$405.00,"$5,108.6",T - 804,New York City Transit PASSENGER STATIONS,"The following stations are identified for the proposed 2020-2024 Program:
 Manhattan
 01 ADA: 42nd St - Bryant Park - 5th Ave 6AV/FLS 02 ADA: 96th St 8AV
 03 ADA: Dyckman St (northbound) BW7 04 ADA: 168th St BW7
 05 ADA: 137th St BW7
 06 ADA: 86th St LEX
 07 ADA: Essex St NAS 08 ADA: Delancey St 6AV
 09 ADA: 81 St - Museum of Natural History 8AV
 Brooklyn
 10 ADA: Myrtle Ave JAM 11 ADA: Borough Hall LEX 12 ADA: Junius St NLT
 13 ADA: Avenue H (northbound) BRT 14 ADA: Sheepshead Bay BRT
 15 ADA: Kings Hwy SEA 16 ADA: Norwood Ave JAM 17 ADA: Grand St CNR
 18 ADA: Hoyt - Schermerhorn Sts FUL
 19 ADA: 7th Av CUL
 20 ADA: Avenue I CUL 21 ADA: Kings Hwy CUL
 22 ADA: Classon Ave XTN 23 ADA: New Lots Av NLT
 24 ADA: Broadway Junction JAM 25 ADA: Broadway Junction CNR 26 ADA: 36th St 4AV
 27 ADA: Lorimer St CNR
 28 ADA: Metropolitan Ave XTN 29 ADA: Church Avenue BRT 30 ADA: Neptune Ave CUL
 Bronx
 31 ADA: Parkchester PEL 32 ADA: East 149th St PEL 33 ADA: Mosholu Pkwy JER 34 ADA: 242 Street BW7
 35 ADA: Brook Av PEL
 Queens
 36 ADA: Rockaway Blvd LIB 37 ADA: Beach 67th St FAR 38 ADA: Woodhaven Blvd QBL 39 ADA: Steinway St QBL
 40 ADA: Briarwood QBL 41 ADA: Broadway AST
 Locations To Be Identified
 42 ADA: 2 Stations to be Identified
 43 ADA Advance Planning / Design / Real Estate 44 ADA: 20 Additional Stations"
39,MAINLINE TRACK REHABILITATION,PROJECT TOTAL,$429.20,$326.70,$336.10,$355.70,$355.80,"$1,803.5",T - 805,New York City Transit TRACK,
40,Mainline Track Replacement,NR,NULL,NULL,NULL,NULL,NULL,"$1,453.5",T - 805,New York City Transit TRACK,
41,Continuous Welded Rail,SI,NULL,NULL,NULL,NULL,NULL,$175.0,T - 805,New York City Transit TRACK,
42,Track Force Account,NR,NULL,NULL,NULL,NULL,NULL,$175.0,T - 805,New York City Transit TRACK,
43,MAINLINE SWITCH REPLACEMENT,PROJECT TOTAL,$170.50,$104.80,$153.10,$161.80,$164.50,$754.7,T - 805,New York City Transit TRACK,
44,Switch Replacement: SigMod Locations,NR,NULL,NULL,NULL,NULL,NULL,$88.2,T - 805,New York City Transit TRACK,
45,Switch Replacement: Various Locations,NR,NULL,NULL,NULL,NULL,NULL,$666.5,T - 805,New York City Transit TRACK,
46,05 LINE EQUIPMENT,PROJECT TOTAL,$199.40,$9.80,$83.60,$119.50,$0.00,$412.3,T - 806,New York City Transit LINE EQUIPMENT,
47,01 Tunnel Lighting: Various Locations,SGR,NULL,NULL,NULL,NULL,NULL,$21.1,T - 806,New York City Transit LINE EQUIPMENT,
48,02 Fan Plants: Various Locations,VAR,NULL,NULL,NULL,NULL,NULL,$159.5,T - 806,New York City Transit LINE EQUIPMENT,
49,03 Pump Rooms & Deep Wells: Various Locations,VAR,NULL,NULL,NULL,NULL,NULL,$102.4,T - 806,New York City Transit LINE EQUIPMENT,
50,04 Additional Work: Line Equipment,SGR,NULL,NULL,NULL,NULL,NULL,$129.3,T - 806,New York City Transit LINE EQUIPMENT,
51,03 LINE STRUCTURE REHABILITATION,PROJECT TOTAL,"$1,190.90",$466.90,$358.40,$335.70,$32.00,"$2,383.9",T - 807,New York City Transit LINE STRUCTURES,
52,01 Subway Structure Repairs: Various Locations,SGR,NULL,NULL,NULL,NULL,NULL,$702.3,T - 807,New York City Transit LINE STRUCTURES,
53,02 Elevated Structure Repairs: Various Locations,VAR,NULL,NULL,NULL,NULL,NULL,$324.4,T - 807,New York City Transit LINE STRUCTURES,
54,03 Line Structure Overcoating: Various Locations,SGR,NULL,NULL,NULL,NULL,NULL,"$1,011.8",T - 807,New York City Transit LINE STRUCTURES,
55,04 Elevated Structure Netting,SGR,NULL,NULL,NULL,NULL,NULL,$325.0,T - 807,New York City Transit LINE STRUCTURES,
56,05 Miscellaneous Line Structure Investments,VAR,NULL,NULL,NULL,NULL,NULL,$20.4,T - 807,New York City Transit LINE STRUCTURES,
57,03 SIGNAL MODERNIZATION,PROJECT TOTAL,"$1,115.30",$589.90,"$2,978.20","$1,252.90",$0.00,"$5,936.2",T - 808,New York City Transit SIGNALS & COMMUNICATION,
58,01 Interlocking SSI Replacement: Bergen St CUL,NR,NULL,NULL,NULL,NULL,NULL,$47.4,T - 808,New York City Transit SIGNALS & COMMUNICATION,
59,02 System-Wide Signal Improvements,VAR,NULL,NULL,NULL,NULL,NULL,$181.1,T - 808,New York City Transit SIGNALS & COMMUNICATION,
60,03 SigMod Equipment for Cars and Locomotives,SI,NULL,NULL,NULL,NULL,NULL,$211.3,T - 808,New York City Transit SIGNALS & COMMUNICATION,
61,04 SigMod: 8 Av and 2 Interlockings (Add supp costs),SGR,NULL,NULL,NULL,NULL,NULL,$143.6,T - 808,New York City Transit SIGNALS & COMMUNICATION,
62,05 Miscellaneous SigMod Supporting Investments,VAR,NULL,NULL,NULL,NULL,NULL,$30.7,T - 808,New York City Transit SIGNALS & COMMUNICATION,
63,Signal Modernization lines,NULL,NULL,NULL,NULL,NULL,NULL,"$5,322.1",T - 808,New York City Transit SIGNALS & COMMUNICATION,"The following lines are identified for the proposed 2020-2024 Program: 
 06 SigMod: 63rd St Line and 4 Interlockings 
 07 SigMod: Astoria Line and 5 Interlockings
 08 SigMod: Crosstown Line and 3 Interlockings
 09 SigMod: Fulton Line and 5 Interlockings
 10 SigMod: Queens Blvd Line East and 5 Interlockings
 11 SigMod: Lexington Ave Line and 11 Interlockings"""
64,COMMUNICATION SYSTEMS,PROJECT TOTAL,$211.50,$399.20,$371.60,$150.00,$50.90,"$1,183.2",T - 808,New York City Transit SIGNALS & COMMUNICATION,
65,Comm Network Upgrades: Various Locations,VAR,NULL,NULL,NULL,NULL,NULL,$217.0,T - 808,New York City Transit SIGNALS & COMMUNICATION,
66,Phone PBX Switch Upgrades: Various Locations,NR,NULL,NULL,NULL,NULL,NULL,$39.7,T - 808,New York City Transit SIGNALS & COMMUNICATION,
67,Fiber Optic Cable Replacement: Various Locations,SGR,NULL,NULL,NULL,NULL,NULL,$47.2,T - 808,New York City Transit SIGNALS & COMMUNICATION,
68,Copper Cable Replacement: Various Locations,NR,NULL,NULL,NULL,NULL,NULL,$10.0,T - 808,New York City Transit SIGNALS & COMMUNICATION,
69,Antenna Cable Replacement: Various Locations,SGR,NULL,NULL,NULL,NULL,NULL,$24.0,T - 808,New York City Transit SIGNALS & COMMUNICATION,
70,Subway Radio Equipment Replacement,NR,NULL,NULL,NULL,NULL,NULL,$43.1,T - 808,New York City Transit SIGNALS & COMMUNICATION,
71,Station Comm Room Upgrades: Various Locations,SGR,NULL,NULL,NULL,NULL,NULL,$36.0,T - 808,New York City Transit SIGNALS & COMMUNICATION,
72,Station Information Systems: Various Locations,VAR,NULL,NULL,NULL,NULL,NULL,$385.3,T - 808,New York City Transit SIGNALS & COMMUNICATION,
73,Passenger ID: Various Locations,SI,NULL,NULL,NULL,NULL,NULL,$202.4,T - 808,New York City Transit SIGNALS & COMMUNICATION,
74,Security Technology Upgrades: Various Locations,VAR,NULL,NULL,NULL,NULL,NULL,$130.9,T - 808,New York City Transit SIGNALS & COMMUNICATION,
75,Small Business Mentoring Program - Communications,SI,NULL,NULL,NULL,NULL,NULL,$47.6,T - 808,New York City Transit SIGNALS & COMMUNICATION,
76,02 SUBSTATIONS,PROJECT TOTAL,$514.60,$712.50,$771.70,$56.70,$0.00,"$2,055.5",T - 809,New York City Transit TRACTION POWER,
77,01 Substation Renewals: Various Locations,SGR,NULL,NULL,NULL,NULL,NULL,$317.6,T - 809,New York City Transit TRACTION POWER,
78,02 Substation Equipment: Various Locations,SGR,NULL,NULL,NULL,NULL,NULL,$136.3,T - 809,New York City Transit TRACTION POWER,
79,03 Substation Enclosures: Various Locations,SGR,NULL,NULL,NULL,NULL,NULL,$87.0,T - 809,New York City Transit TRACTION POWER,
80,04 Power Improvements for SigMod: Various Locations,SI,NULL,NULL,NULL,NULL,NULL,$514.6,T - 809,New York City Transit TRACTION POWER,
81,05 SigMod: Power Improvements Lexington Line,SI,NULL,NULL,NULL,NULL,NULL,"$1,000.0",T - 809,New York City Transit TRACTION POWER,
82,04 POWER DISTRIBUTION,PROJECT TOTAL,$178.00,$0.00,$120.20,$246.70,$0.00,$544.9,T - 809,New York City Transit TRACTION POWER,
83,01 Circuit Breaker Houses: Various Locations,VAR,NULL,NULL,NULL,NULL,NULL,$251.8,T - 809,New York City Transit TRACTION POWER,
84,02 Traction Power Cables: Various Locations,SGR,NULL,NULL,NULL,NULL,NULL,$159.4,T - 809,New York City Transit TRACTION POWER,
85,03 Miscellaneous Power Investments,VAR,NULL,NULL,NULL,NULL,NULL,$133.7,T - 809,New York City Transit TRACTION POWER,
86,04 SHOPS & YARDS,PROJECT TOTAL,$137.00,$22.00,$350.40,$46.70,$6.70,$562.8,T - 810,New York City Transit SHOPS & YARDS,
87,01 Shop Component Repairs: Various Locations,VAR,NULL,NULL,NULL,NULL,NULL,$269.7,T - 810,New York City Transit SHOPS & YARDS,
88,02 Shop Rehab/Reconstruct: Various Locations,SGR,NULL,NULL,NULL,NULL,NULL,$239.4,T - 810,New York City Transit SHOPS & YARDS,
89,03 Yard/Non-Revenue Track Replacement,SGR,NULL,NULL,NULL,NULL,NULL,$18.9,T - 810,New York City Transit SHOPS & YARDS,
90,04 Yard Switch Replacement,SGR,NULL,NULL,NULL,NULL,NULL,$19.6,T - 810,New York City Transit SHOPS & YARDS,
91,05 Yard Fencing/Lighting/Misc. Investments,VAR,NULL,NULL,NULL,NULL,NULL,$15.3,T - 810,New York City Transit SHOPS & YARDS,
92,03 DEPOT REHAB & RECONSTRUCTION,PROJECT TOTAL,$114.10,$122.40,$411.20,$54.80,$8.40,$710.8,T - 812,New York City Transit DEPOTS,
93,01 Depot Component Repairs: Various Locations,VAR,NULL,NULL,NULL,NULL,NULL,$229.7,T - 812,New York City Transit DEPOTS,
94,02 Electric Fleet Modifications,SI,NULL,NULL,NULL,NULL,NULL,$100.0,T - 812,New York City Transit DEPOTS,
95,03 Jamaica Depot Reconstruction,NR,NULL,NULL,NULL,NULL,NULL,$381.2,T - 812,New York City Transit DEPOTS,
96,04 DEPOT IMPROVEMENTS,PROJECT TOTAL,$85.00,$2.00,$7.00,$16.10,$0.00,$110.1,T - 812,New York City Transit DEPOTS,
97,"01 Automatic Bus Lane Enforcement (ABLE), Phase 2",SI,NULL,NULL,NULL,NULL,NULL,$85.0,T - 812,New York City Transit DEPOTS,
98,02 Miscellaneous Depot Investments,NR,NULL,NULL,NULL,NULL,NULL,$25.1,T - 812,New York City Transit DEPOTS,
99,02 SERVICE VEHICLES,PROJECT TOTAL,$229.50,$65.40,$40.00,$18.80,$0.00,$353.7,T - 813,New York City Transit SERVICE VEHICLES,
100,01 Purchase Rubber Tire Vehicles,NR,NULL,NULL,NULL,NULL,NULL,$40.0,T - 813,New York City Transit SERVICE VEHICLES,
101,02 Purchase Various Work Train Cars/Locomotives,VAR,NULL,NULL,NULL,NULL,NULL,$313.7,T - 813,New York City Transit SERVICE VEHICLES,
102,MISCELLANEOUS,PROJECT TOTAL,$152.00,$8.30,$8.40,$8.50,$8.70,$185.9,T - 816,New York City Transit MISC./EMERGENCY,
103,Capital Revolving Fund,NOCODE PROJECT,NULL,NULL,NULL,NULL,NULL,$25.0,T - 816,New York City Transit MISC./EMERGENCY,
104,Insurance to Support Capital Program,NOCODE PROJECT,NULL,NULL,NULL,NULL,NULL,$160.9,T - 816,New York City Transit MISC./EMERGENCY,
105,MANAGEMENT INFORMATION SYSTEMS,PROJECT TOTAL,$20.00,$0.00,$47.90,$0.00,$0.00,$67.9,T - 816,New York City Transit MISC./EMERGENCY,
106,Enterprise Asset Management (EAM),NR,NULL,NULL,NULL,NULL,NULL,$45.4,T - 816,New York City Transit MISC./EMERGENCY,
107,Information Systems Upgrades,VAR,NULL,NULL,NULL,NULL,NULL,$22.5,T - 816,New York City Transit MISC./EMERGENCY,
108,ENGINEERING SERVICES,PROJECT TOTAL,$104.30,$53.20,$51.50,$49.00,$54.60,$312.6,T - 816,New York City Transit MISC./EMERGENCY,
109,Utica Ave Corridor Study EIS,SI,NULL,NULL,NULL,NULL,NULL,$5.0,T - 816,New York City Transit MISC./EMERGENCY,
110,Engineering Services to Support Capital Program,NOCODE PROJECT,NULL,NULL,NULL,NULL,NULL,$159.7,T - 816,New York City Transit MISC./EMERGENCY,
111,Scope Development and Design Reserve,NOCODE PROJECT,NULL,NULL,NULL,NULL,NULL,$100.9,T - 816,New York City Transit MISC./EMERGENCY,
112,MTA Independent Engineering Consultant,NOCODE PROJECT,NULL,NULL,NULL,NULL,NULL,$27.0,T - 816,New York City Transit MISC./EMERGENCY,
113,Small Business Mentoring Program Administration,NOCODE PROJECT,NULL,NULL,NULL,NULL,NULL,$20.0,T - 816,New York City Transit MISC./EMERGENCY,
114,ENVIRONMENTAL SAFETY,PROJECT TOTAL,$0.00,$19.20,$52.00,$53.90,$35.90,$161.0,T - 816,New York City Transit MISC./EMERGENCY,
115,Fire Alarms and Sprinklers: Various Locations,NR,NULL,NULL,NULL,NULL,NULL,$105.9,T - 816,New York City Transit MISC./EMERGENCY,
116,Asbestos/Lead Air Monitoring,NR,NULL,NULL,NULL,NULL,NULL,$25.5,T - 816,New York City Transit MISC./EMERGENCY,
117,Environmental Remediation,NR,NULL,NULL,NULL,NULL,NULL,$29.6,T - 816,New York City Transit MISC./EMERGENCY,
118,EMPLOYEE FACILITIES,PROJECT TOTAL,$220.40,$67.20,$64.70,$43.60,$0.00,$395.9,T - 816,New York City Transit MISC./EMERGENCY,
119,Subways Employee Facility Repairs: Various Locs,SGR,NULL,NULL,NULL,NULL,NULL,$269.4,T - 816,New York City Transit MISC./EMERGENCY,
120,Facility Elevator Replacement: Various Locations,NR,NULL,NULL,NULL,NULL,NULL,$34.4,T - 816,New York City Transit MISC./EMERGENCY,
121,Misc./Administrative Facility Investments,VAR,NULL,NULL,NULL,NULL,NULL,$92.0,T - 816,New York City Transit MISC./EMERGENCY,
122,SIR: MISCELLANEOUS,PROJECT TOTAL,$150.60,$25.90,$10.00,$176.20,$10.80,$373.5,S - 807,STATEN ISLAND RAILWAY,
123,Station Components: Various Locations,SGR,NULL,NULL,NULL,NULL,NULL,$39.5,S - 807,STATEN ISLAND RAILWAY,
124,Track and Switch Replacement,SGR,NULL,NULL,NULL,NULL,NULL,$137.0,S - 807,STATEN ISLAND RAILWAY,
125,Bridge Structures: Various Locations,VAR,NULL,NULL,NULL,NULL,NULL,$53.7,S - 807,STATEN ISLAND RAILWAY,
126,Purchase Various Work Train Cars,VAR,NULL,NULL,NULL,NULL,NULL,$15.5,S - 807,STATEN ISLAND RAILWAY,
127,Purchase Rubber Tire Vehicles,SGR,NULL,NULL,NULL,NULL,NULL,$5.0,S - 807,STATEN ISLAND RAILWAY,
128,The following stations are identified for the proposed 2020-2024 Program,NULL,NULL,NULL,NULL,NULL,NULL,$122.8,S - 807,STATEN ISLAND RAILWAY,"06 ADA: Clifton SIR
 07 ADA: Huguenot SIR
 08 ADA: New Dorp SIR"
129,TOTAL MTA Interagency,TOTAL,$20.80,$20.40,$24.80,$21.50,$31.40,$118.9,ALL-ALL,All Agency Summary,All Agency Summary
130,TOTAL MTA Bus Company,TOTAL,$334.70,$98.00,$231.30,$162.30,$44.40,$870.7,ALL-ALL,All Agency Summary,All Agency Summary
131,TOTAL Bridges and Tunnels,TOTAL,$655.90,$351.80,$867.30,$967.40,$484.80,"$3,327.1",ALL-ALL,All Agency Summary,All Agency Summary
132,REVENUE EQUIPMENT,PROJECT TOTAL,$12.30,$67.10,$26.80,$70.40,$65.60,$242.2,L - 801,Long Island Rail Road ROLLING STOCK,
133,Work Locomotives,NR,NULL,NULL,NULL,NULL,NULL,$30.0,L - 801,Long Island Rail Road ROLLING STOCK,
134,Purchase Dual-Mode Locomotives,NR,NULL,NULL,NULL,NULL,NULL,$150.0,L - 801,Long Island Rail Road ROLLING STOCK,
135,Purchase Coaches,NR,NULL,NULL,NULL,NULL,NULL,$60.0,L - 801,Long Island Rail Road ROLLING STOCK,
136,Other Rolling Stock,SI,NULL,NULL,NULL,NULL,NULL,$2.2,L - 801,Long Island Rail Road ROLLING STOCK,
137,04 STATIONS AND BUILDINGS,PROJECT TOTAL,$121.10,$294.30,$194.90,$114.70,$81.80,$806.8,L - 802,Long Island Rail Road STATIONS,
138,01 Station Renewals: Various Locations,NR,NULL,NULL,NULL,NULL,NULL,$88.2,L - 802,Long Island Rail Road STATIONS,
139,02 Station Platform Components: Various Locations,VAR,NULL,NULL,NULL,NULL,NULL,$252.1,L - 802,Long Island Rail Road STATIONS,
140,03 Station Building Components: Various Locations,VAR,NULL,NULL,NULL,NULL,NULL,$6.9,L - 802,Long Island Rail Road STATIONS,
141,04 Escalator Replacement,NR,NULL,NULL,NULL,NULL,NULL,$10.0,L - 802,Long Island Rail Road STATIONS,
142,05 Elevator Replacement,NR,NULL,NULL,NULL,NULL,NULL,$16.4,L - 802,Long Island Rail Road STATIONS,
143,06 Fare Collection Program,NR,NULL,NULL,NULL,NULL,NULL,$35.0,L - 802,Long Island Rail Road STATIONS,
144,07 Community Development Fund Contribution,SI,NULL,NULL,NULL,NULL,NULL,$5.0,L - 802,Long Island Rail Road STATIONS,
145,08 Small Business Mentoring Program - Stations,NR,NULL,NULL,NULL,NULL,NULL,$16.0,L - 802,Long Island Rail Road STATIONS,
146,The following stations are identified for the proposed 2020-2024 Program,NULL,NULL,NULL,NULL,NULL,NULL,$377.2,L - 802,Long Island Rail Road STATIONS,"09 ADA: Hollis Station Platform Replacement
 10 ADA: Hunterspoint Station Rehabilitation
 11 ADA: Locust Manor - New Elevators
 12 ADA: Forest Hills Platform Extensions & Elevators
 13 ADA: Copiague Platform Extension & New Elevator
 14 ADA: St. Albans New Elevator
 15 New Mets - Willets Pt Station (ADA)"
147,PARKING,PROJECT TOTAL,$11.50,$10.80,$1.30,$2.30,$2.40,$28.3,L - 802,Long Island Rail Road STATIONS,
148,Parking Rehabilitation & Access Improvements,VAR,NULL,NULL,NULL,NULL,NULL,$17.1,L - 802,Long Island Rail Road STATIONS,
149,Small Business Mentoring Program - Parking,NR,NULL,NULL,NULL,NULL,NULL,$11.2,L - 802,Long Island Rail Road STATIONS,
150,PENN STATION,PROJECT TOTAL,$0.00,$7.20,$2.40,$24.80,$10.00,$44.4,L - 802,Long Island Rail Road STATIONS,
151,"Penn Station HVAC, Platform,& Building Improvement",SGR,NULL,NULL,NULL,NULL,NULL,$39.4,L - 802,Long Island Rail Road STATIONS,
152,Radio Antenna Improvements,NR,NULL,NULL,NULL,NULL,NULL,$5.0,L - 802,Long Island Rail Road STATIONS,
153,GRAND CENTRAL TERMINAL,PROJECT TOTAL,$20.00,$0.00,$10.00,$0.00,$0.00,$30.0,L - 802,Long Island Rail Road STATIONS,
154,GCT Facility Needs,SI,NULL,NULL,NULL,NULL,NULL,$30.0,L - 802,Long Island Rail Road STATIONS,
155,ANNUAL TRACK REHAB PROGRAM,PROJECT TOTAL,$183.00,$149.00,$115.00,$117.80,$118.20,$683.0,L - 803,Long Island Rail Road TRACK,
156,Construction Equipment & Geometry Cars,SGR,NULL,NULL,NULL,NULL,NULL,$55.0,L - 803,Long Island Rail Road TRACK,
157,Various Right of Way Projects,VAR,NULL,NULL,NULL,NULL,NULL,$15.0,L - 803,Long Island Rail Road TRACK,
158,Yard Track Rehabilitation,VAR,NULL,NULL,NULL,NULL,NULL,$28.0,L - 803,Long Island Rail Road TRACK,
159,Annual Track Program,NR,NULL,NULL,NULL,NULL,NULL,$585.0,L - 803,Long Island Rail Road TRACK,
160,OTHER TRACK IMPROVEMENTS,PROJECT TOTAL,$100.00,$40.00,$73.10,$44.70,$77.20,$335.0,L - 803,Long Island Rail Road TRACK,
161,Amtrak Territory Investments,NR,NULL,NULL,NULL,NULL,NULL,$100.0,L - 803,Long Island Rail Road TRACK,
162,Jamaica Capacity Improvements,SI,NULL,NULL,NULL,NULL,NULL,$135.0,L - 803,Long Island Rail Road TRACK,
163,E Yard Extension,SI,NULL,NULL,NULL,NULL,NULL,$100.0,L - 803,Long Island Rail Road TRACK,
164,BRIDGES,PROJECT TOTAL,$74.50,$34.70,$49.10,$58.30,$52.00,$268.5,L - 804,Long Island Rail Road LINE STRUCTURES,
165,"Painting, Drainage, & Waterproofing of Bridges",SGR,NULL,NULL,NULL,NULL,NULL,$36.2,L - 804,Long Island Rail Road LINE STRUCTURES,
166,Replacement & Rehabilitation of Bridges,SGR,NULL,NULL,NULL,NULL,NULL,$126.1,L - 804,Long Island Rail Road LINE STRUCTURES,
167,Miscellaneous Bridge Work,VAR,NULL,NULL,NULL,NULL,NULL,$72.4,L - 804,Long Island Rail Road LINE STRUCTURES,
168,Small Business Mentoring Program - Bridges,NR,NULL,NULL,NULL,NULL,NULL,$33.8,L - 804,Long Island Rail Road LINE STRUCTURES,
169,TUNNELS,PROJECT TOTAL,$15.00,$5.00,$37.00,$9.00,$9.00,$75.0,L - 804,Long Island Rail Road LINE STRUCTURES,
170,Atlantic Avenue Tunnel Structural Work,SGR,NULL,NULL,NULL,NULL,NULL,$50.0,L - 804,Long Island Rail Road LINE STRUCTURES,
171,Tunnel Replacements & Upgrades,NR,NULL,NULL,NULL,NULL,NULL,$5.0,L - 804,Long Island Rail Road LINE STRUCTURES,
172,ERT Fire and Life Safety,NR,NULL,NULL,NULL,NULL,NULL,$20.0,L - 804,Long Island Rail Road LINE STRUCTURES,
173,COMMUNICATIONS IMPROVEMENTS,PROJECT TOTAL,$13.90,$12.90,$13.50,$22.00,$12.70,$75.0,L - 805,Long Island Rail Road COMMUNICATIONS & SIGNALS,
174,Comm. Pole Line,SGR,NULL,NULL,NULL,NULL,NULL,$8.0,L - 805,Long Island Rail Road COMMUNICATIONS & SIGNALS,
175,Comm Component Replacement,SGR,NULL,NULL,NULL,NULL,NULL,$8.0,L - 805,Long Island Rail Road COMMUNICATIONS & SIGNALS,
176,Fiber Optic Network,NR,NULL,NULL,NULL,NULL,NULL,$20.0,L - 805,Long Island Rail Road COMMUNICATIONS & SIGNALS,
177,Station Technology Upgrades,SI,NULL,NULL,NULL,NULL,NULL,$3.0,L - 805,Long Island Rail Road COMMUNICATIONS & SIGNALS,
178,Portable Mobile Radio Replacement,NR,NULL,NULL,NULL,NULL,NULL,$1.0,L - 805,Long Island Rail Road COMMUNICATIONS & SIGNALS,
179,Radio Head-End Replacement,NR,NULL,NULL,NULL,NULL,NULL,$10.0,L - 805,Long Island Rail Road COMMUNICATIONS & SIGNALS,
180,Improved Radio Coverage Initiative/FCC Mandates,SI,NULL,NULL,NULL,NULL,NULL,$5.0,L - 805,Long Island Rail Road COMMUNICATIONS & SIGNALS,
181,Help Points,SI,NULL,NULL,NULL,NULL,NULL,$5.0,L - 805,Long Island Rail Road COMMUNICATIONS & SIGNALS,
182,Implement New Communications Systems Technology,SI,NULL,NULL,NULL,NULL,NULL,$5.0,L - 805,Long Island Rail Road COMMUNICATIONS & SIGNALS,
183,Grade Crossing Cameras,SI,NULL,NULL,NULL,NULL,NULL,$5.0,L - 805,Long Island Rail Road COMMUNICATIONS & SIGNALS,
184,Customer Information Technology Upgrade,SI,NULL,NULL,NULL,NULL,NULL,$5.0,L - 805,Long Island Rail Road COMMUNICATIONS & SIGNALS,
185,SIGNAL IMPROVEMENTS,PROJECT TOTAL,$142.80,$5.10,$24.00,$84.30,$32.70,$288.9,L - 805,Long Island Rail Road COMMUNICATIONS & SIGNALS,
186,Babylon Interlocking Renewal & New Sidings,VAR,NULL,NULL,NULL,NULL,NULL,$60.9,L - 805,Long Island Rail Road COMMUNICATIONS & SIGNALS,
187,Hunt to Post,SGR,NULL,NULL,NULL,NULL,NULL,$67.6,L - 805,Long Island Rail Road COMMUNICATIONS & SIGNALS,
188,Babylon to Patchogue,SGR,NULL,NULL,NULL,NULL,NULL,$50.0,L - 805,Long Island Rail Road COMMUNICATIONS & SIGNALS,
189,Centralized Train Control,SI,NULL,NULL,NULL,NULL,NULL,$50.0,L - 805,Long Island Rail Road COMMUNICATIONS & SIGNALS,
190,Signal Replacement and Interlocking Improvements,VAR,NULL,NULL,NULL,NULL,NULL,$60.4,L - 805,Long Island Rail Road COMMUNICATIONS & SIGNALS,
191,SHOPS AND YARDS,PROJECT TOTAL,$22.00,$34.30,$23.70,$21.70,$17.20,$118.9,L - 806,Long Island Rail Road SHOPS AND YARDS,
192,Rolling Stock Support Shop Equipment,NR,NULL,NULL,NULL,NULL,NULL,$43.4,L - 806,Long Island Rail Road SHOPS AND YARDS,
193,Shop Improvements at Various Locations,VAR,NULL,NULL,NULL,NULL,NULL,$12.6,L - 806,Long Island Rail Road SHOPS AND YARDS,
194,Yard Improvements at Various Locations,VAR,NULL,NULL,NULL,NULL,NULL,$60.5,L - 806,Long Island Rail Road SHOPS AND YARDS,
195,Small Business Mentoring Program - Shops & Yards,NR,NULL,NULL,NULL,NULL,NULL,$2.4,L - 806,Long Island Rail Road SHOPS AND YARDS,
196,EMPLOYEE FACILITIES,PROJECT TOTAL,$20.00,$22.00,$11.00,$16.00,$15.00,$84.0,L - 806,Long Island Rail Road SHOPS AND YARDS,
197,Rehabilitation of Employee Facilities - Various Lo,VAR,NULL,NULL,NULL,NULL,NULL,$43.2,L - 806,Long Island Rail Road SHOPS AND YARDS,
198,Consolidation of Employee Facilities,SI,NULL,NULL,NULL,NULL,NULL,$10.0,L - 806,Long Island Rail Road SHOPS AND YARDS,
199,Fire Protection Improvements,NR,NULL,NULL,NULL,NULL,NULL,$7.0,L - 806,Long Island Rail Road SHOPS AND YARDS,
200,New Signal Training Facility,SI,NULL,NULL,NULL,NULL,NULL,$2.0,L - 806,Long Island Rail Road SHOPS AND YARDS,
201,Small Business Mentoring Program - Emp. Facs.,NR,NULL,NULL,NULL,NULL,NULL,$21.8,L - 806,Long Island Rail Road SHOPS AND YARDS,
202,POWER,PROJECT TOTAL,$176.40,$138.40,$20.80,$21.60,$68.80,$426.0,L - 807,Long Island Rail Road POWER,
203,Substation Replacements,SGR,NULL,NULL,NULL,NULL,NULL,$80.0,L - 807,Long Island Rail Road POWER,
204,Lighting Improvements,SGR,NULL,NULL,NULL,NULL,NULL,$18.0,L - 807,Long Island Rail Road POWER,
205,Power Component Repairs and Replacements,VAR,NULL,NULL,NULL,NULL,NULL,$55.0,L - 807,Long Island Rail Road POWER,
206,3rd Rail Upgrades,NR,NULL,NULL,NULL,NULL,NULL,$43.0,L - 807,Long Island Rail Road POWER,
207,Central Branch Electrification,SI,NULL,NULL,NULL,NULL,NULL,$230.0,L - 807,Long Island Rail Road POWER,
208,MISCELLANEOUS,PROJECT TOTAL,$44.60,$44.90,$48.20,$48.70,$44.60,$231.0,L - 809,Long Island Rail Road MISCELLANEOUS,
209,Security Camera Replacement Program,NR,NULL,NULL,NULL,NULL,NULL,$5.0,L - 809,Long Island Rail Road MISCELLANEOUS,
210,"Access Control at Stations, Platforms, Yards & Fac",NR,NULL,NULL,NULL,NULL,NULL,$5.0,L - 809,Long Island Rail Road MISCELLANEOUS,
211,Perimeter Physical Hardening Project,SI,NULL,NULL,NULL,NULL,NULL,$3.0,L - 809,Long Island Rail Road MISCELLANEOUS,
212,Equipment Upgrades for Security Command Centers,NR,NULL,NULL,NULL,NULL,NULL,$3.0,L - 809,Long Island Rail Road MISCELLANEOUS,
213,Atlantic Avenue Tunnels Security Improvements,SI,NULL,NULL,NULL,NULL,NULL,$4.0,L - 809,Long Island Rail Road MISCELLANEOUS,
214,Centralized Video Storage/Management Solution,SI,NULL,NULL,NULL,NULL,NULL,$5.0,L - 809,Long Island Rail Road MISCELLANEOUS,
215,Physical Assessment of all LIRR Right of Way,SI,NULL,NULL,NULL,NULL,NULL,$3.5,L - 809,Long Island Rail Road MISCELLANEOUS,
216,Environmental Remediation,NR,NULL,NULL,NULL,NULL,NULL,$2.0,L - 809,Long Island Rail Road MISCELLANEOUS,
217,EAM Development,SI,NULL,NULL,NULL,NULL,NULL,$8.0,L - 809,Long Island Rail Road MISCELLANEOUS,
218,Program Administration,NOCODE PROJECT,NULL,NULL,NULL,NULL,NULL,$138.0,L - 809,Long Island Rail Road MISCELLANEOUS,
219,Program Development,NOCODE PROJECT,NULL,NULL,NULL,NULL,NULL,$10.0,L - 809,Long Island Rail Road MISCELLANEOUS,
220,Insurance,NOCODE PROJECT,NULL,NULL,NULL,NULL,NULL,$9.0,L - 809,Long Island Rail Road MISCELLANEOUS,
221,Independent Engineer,NOCODE PROJECT,NULL,NULL,NULL,NULL,NULL,$10.5,L - 809,Long Island Rail Road MISCELLANEOUS,
222,SBDP Administration,NOCODE PROJECT,NULL,NULL,NULL,NULL,NULL,$9.0,L - 809,Long Island Rail Road MISCELLANEOUS,
223,OCIP,PROGRAM,NULL,NULL,NULL,NULL,NULL,$16.0,L - 809,Long Island Rail Road MISCELLANEOUS,
224,REVENUE EQUIPMENT,PROJECT TOTAL,$484.60,$368.10,$0.00,$0.00,$0.00,$852.7,L - 809,Long Island Rail Road MISCELLANEOUS,
225,M-3 Replacement,NR,NULL,NULL,NULL,NULL,NULL,$484.6,L - 809,Long Island Rail Road MISCELLANEOUS,
226,Locomotive Replacement,NR,NULL,NULL,NULL,NULL,NULL,$368.1,L - 809,Long Island Rail Road MISCELLANEOUS,
227,GRAND CENTRAL TERMINAL,PROJECT TOTAL,$314.00,$68.30,$171.60,$97.10,$0.00,$651.0,M - 802,Metro-North Railroad STATIONS,
228,GCT Trainshed,SGR,NULL,NULL,NULL,NULL,NULL,$348.8,M - 802,Metro-North Railroad STATIONS,
229,Park Avenue Tunnel Improvements,SGR,NULL,NULL,NULL,NULL,NULL,$159.6,M - 802,Metro-North Railroad STATIONS,
230,GCT Building Component Repairs/Replacements,VAR,NULL,NULL,NULL,NULL,NULL,$134.2,M - 802,Metro-North Railroad STATIONS,
231,Small Business Mentoring Program - GCT,SGR,NULL,NULL,NULL,NULL,NULL,$8.4,M - 802,Metro-North Railroad STATIONS,
232,OUTLYING STATIONS,PROJECT TOTAL,$49.90,$54.70,$47.50,$177.80,$9.90,$339.9,M - 802,Metro-North Railroad STATIONS,
233,Upper H&H Stations Priority Repairs,NR,NULL,NULL,NULL,NULL,NULL,$21.1,M - 802,Metro-North Railroad STATIONS,
234,Harlem Line Station Renewals,SGR,NULL,NULL,NULL,NULL,NULL,$193.5,M - 802,Metro-North Railroad STATIONS,
235,Harlem ADA Improvements,NR,NULL,NULL,NULL,NULL,NULL,$52.3,M - 802,Metro-North Railroad STATIONS,
236,East of Hudson Priority Repairs,SGR,NULL,NULL,NULL,NULL,NULL,$12.0,M - 802,Metro-North Railroad STATIONS,
237,Ludlow Station Accessibility Improvements,NR,NULL,NULL,NULL,NULL,NULL,$11.0,M - 802,Metro-North Railroad STATIONS,
238,New Fare Payment Equipment,NR,NULL,NULL,NULL,NULL,NULL,$25.0,M - 802,Metro-North Railroad STATIONS,
239,Small Business Mentoring Program - Stations,SGR,NULL,NULL,NULL,NULL,NULL,$25.0,M - 802,Metro-North Railroad STATIONS,
240,PARKING,PROJECT TOTAL,$3.00,$0.00,$135.40,$0.00,$0.00,$138.4,M - 802,Metro-North Railroad STATIONS,
241,Brewster Yard Improvements-SE Parking,NR,NULL,NULL,NULL,NULL,NULL,$129.4,M - 802,Metro-North Railroad STATIONS,
242,Small Business Mentoring Program - Parking,SGR,NULL,NULL,NULL,NULL,NULL,$9.0,M - 802,Metro-North Railroad STATIONS,
243,TRACK,PROJECT TOTAL,$56.60,$56.60,$63.30,$42.30,$42.70,$261.5,M - 803,Metro-North Railroad TRACK & STRUCTURES,
244,Cyclical Track Program,NR,NULL,NULL,NULL,NULL,NULL,$117.4,M - 803,Metro-North Railroad TRACK & STRUCTURES,
245,Cyclical Replacement of Insulated Joints,NR,NULL,NULL,NULL,NULL,NULL,$2.3,M - 803,Metro-North Railroad TRACK & STRUCTURES,
246,"Turnouts - Mainline, GCT, & Yards",NR,NULL,NULL,NULL,NULL,NULL,$86.7,M - 803,Metro-North Railroad TRACK & STRUCTURES,
247,Rock Slope Remediation - East of Hudson,SGR,NULL,NULL,NULL,NULL,NULL,$15.0,M - 803,Metro-North Railroad TRACK & STRUCTURES,
248,Rebuild Marble Hill Retaining Wall - Phase 1,NR,NULL,NULL,NULL,NULL,NULL,$15.0,M - 803,Metro-North Railroad TRACK & STRUCTURES,
249,RoW Drainage Improvements,SGR,NULL,NULL,NULL,NULL,NULL,$8.6,M - 803,Metro-North Railroad TRACK & STRUCTURES,
250,MoW Equipment,SGR,NULL,NULL,NULL,NULL,NULL,$16.6,M - 803,Metro-North Railroad TRACK & STRUCTURES,
251,STRUCTURES,PROJECT TOTAL,$46.80,$65.80,$47.40,$409.00,$3.80,$572.9,M - 803,Metro-North Railroad TRACK & STRUCTURES,
252,Park Avenue Viaduct Replacement,SGR,NULL,NULL,NULL,NULL,NULL,$386.9,M - 803,Metro-North Railroad TRACK & STRUCTURES,
253,Undergrade Bridge Program - EoH,SGR,NULL,NULL,NULL,NULL,NULL,$77.6,M - 803,Metro-North Railroad TRACK & STRUCTURES,
254,Overhead Bridge Program,SGR,NULL,NULL,NULL,NULL,NULL,$76.0,M - 803,Metro-North Railroad TRACK & STRUCTURES,
255,Railtop Culverts,SGR,NULL,NULL,NULL,NULL,NULL,$4.5,M - 803,Metro-North Railroad TRACK & STRUCTURES,
256,Bridge Walkways,SGR,NULL,NULL,NULL,NULL,NULL,$2.3,M - 803,Metro-North Railroad TRACK & STRUCTURES,
257,Replace Timbers UG Bridges,NR,NULL,NULL,NULL,NULL,NULL,$4.5,M - 803,Metro-North Railroad TRACK & STRUCTURES,
258,Right-of-Way Fencing,NR,NULL,NULL,NULL,NULL,NULL,$1.1,M - 803,Metro-North Railroad TRACK & STRUCTURES,
259,Hudson Line Tunnels,SGR,NULL,NULL,NULL,NULL,NULL,$5.7,M - 803,Metro-North Railroad TRACK & STRUCTURES,
260,Small Business Mentoring Program - Structures,SGR,NULL,NULL,NULL,NULL,NULL,$14.1,M - 803,Metro-North Railroad TRACK & STRUCTURES,
261,W OF HUDSON INFRASTRUCTURE,PROJECT TOTAL,$10.30,$29.10,$38.00,$18.90,$90.70,$187.0,M - 803,Metro-North Railroad TRACK & STRUCTURES,
262,WoH Rock Slope Remediation - Pt Jervis Line,SGR,NULL,NULL,NULL,NULL,NULL,$11.4,M - 803,Metro-North Railroad TRACK & STRUCTURES,
263,WoH Track Program - Pt Jervis Line,SGR,NULL,NULL,NULL,NULL,NULL,$15.9,M - 803,Metro-North Railroad TRACK & STRUCTURES,
264,WoH Undergrade Bridges - Pt Jervis Line,SGR,NULL,NULL,NULL,NULL,NULL,$10.5,M - 803,Metro-North Railroad TRACK & STRUCTURES,
265,Moodna/Woodbury Viaduct Repairs,SGR,NULL,NULL,NULL,NULL,NULL,$40.0,M - 803,Metro-North Railroad TRACK & STRUCTURES,
266,WoH Improvements,SGR,NULL,NULL,NULL,NULL,NULL,$3.5,M - 803,Metro-North Railroad TRACK & STRUCTURES,
267,Small Business Mentoring Program - West of Hudson,SGR,NULL,NULL,NULL,NULL,NULL,$5.7,M - 803,Metro-North Railroad TRACK & STRUCTURES,
268,WoH Capacity Improvements - Pt Jervis Line,SI,NULL,NULL,NULL,NULL,NULL,$100.0,M - 803,Metro-North Railroad TRACK & STRUCTURES,
269,COMM & SIGNALS,PROJECT TOTAL,$4.00,$50.30,$59.00,$65.90,$3.00,$182.2,M - 804,Metro-North Railroad COMM & SIGNALS,
270,Harmon to Poughkeepsie Signal System,SGR,NULL,NULL,NULL,NULL,NULL,$142.5,M - 804,Metro-North Railroad COMM & SIGNALS,
271,PBX Replacement/Upgrade,NR,NULL,NULL,NULL,NULL,NULL,$2.9,M - 804,Metro-North Railroad COMM & SIGNALS,
272,Voice Recorder Replacement,NR,NULL,NULL,NULL,NULL,NULL,$1.0,M - 804,Metro-North Railroad COMM & SIGNALS,
273,Network Infrastructure,NR,NULL,NULL,NULL,NULL,NULL,$12.5,M - 804,Metro-North Railroad COMM & SIGNALS,
274,Station PA System,NR,NULL,NULL,NULL,NULL,NULL,$1.5,M - 804,Metro-North Railroad COMM & SIGNALS,
275,Radio System,NR,NULL,NULL,NULL,NULL,NULL,$10.0,M - 804,Metro-North Railroad COMM & SIGNALS,
276,Fire Alarm & Suppression Systems,NR,NULL,NULL,NULL,NULL,NULL,$3.0,M - 804,Metro-North Railroad COMM & SIGNALS,
277,CCTV,NR,NULL,NULL,NULL,NULL,NULL,$2.5,M - 804,Metro-North Railroad COMM & SIGNALS,
278,Grade Crossing Improvements,NR,NULL,NULL,NULL,NULL,NULL,$3.0,M - 804,Metro-North Railroad COMM & SIGNALS,
279,Hot Box & Dragging Equipment,NR,NULL,NULL,NULL,NULL,NULL,$0.3,M - 804,Metro-North Railroad COMM & SIGNALS,
280,Replace High Cycle Rate Relays,NR,NULL,NULL,NULL,NULL,NULL,$0.5,M - 804,Metro-North Railroad COMM & SIGNALS,
281,Track Circuit Reliability,NR,NULL,NULL,NULL,NULL,NULL,$2.4,M - 804,Metro-North Railroad COMM & SIGNALS,
282,POWER,PROJECT TOTAL,$32.70,$46.20,$80.90,$36.20,$6.20,$202.2,M - 805,Metro-North Railroad POWER,
283,Repl. MA's in Signal Substations,SGR,NULL,NULL,NULL,NULL,NULL,$20.0,M - 805,Metro-North Railroad POWER,
284,Substation Rehabs,SGR,NULL,NULL,NULL,NULL,NULL,$14.8,M - 805,Metro-North Railroad POWER,
285,Harlem Line Power Improvements,NR,NULL,NULL,NULL,NULL,NULL,$55.4,M - 805,Metro-North Railroad POWER,
286,NHL Substation Improvements,VAR,NULL,NULL,NULL,NULL,NULL,$83.2,M - 805,Metro-North Railroad POWER,
287,3rd Rail Component Replacement,SGR,NULL,NULL,NULL,NULL,NULL,$11.1,M - 805,Metro-North Railroad POWER,
288,Hudson Line Track 1 Electrification,SI,NULL,NULL,NULL,NULL,NULL,$11.1,M - 805,Metro-North Railroad POWER,
289,Repl Signl Pwr Transformer & Signl Sect. Switches,NR,NULL,NULL,NULL,NULL,NULL,$3.2,M - 805,Metro-North Railroad POWER,
290,Transformer Rehabilitation,NR,NULL,NULL,NULL,NULL,NULL,$3.4,M - 805,Metro-North Railroad POWER,
291,SHOPS & YARDS,PROJECT TOTAL,$14.50,$0.00,$5.00,$0.00,$3.50,$23.0,M - 806,Metro-North Railroad SHOPS & YARDS,
292,Upgrade Automotive Fuel System,SGR,NULL,NULL,NULL,NULL,NULL,$4.5,M - 806,Metro-North Railroad SHOPS & YARDS,
293,NHL Yard Improvements (non-PSA),SI,NULL,NULL,NULL,NULL,NULL,$15.0,M - 806,Metro-North Railroad SHOPS & YARDS,
294,Small Business Mentoring Program - Shops & Yards,SGR,NULL,NULL,NULL,NULL,NULL,$3.5,M - 806,Metro-North Railroad SHOPS & YARDS,
295,MISCELLANEOUS,PROJECT TOTAL,$25.60,$17.50,$64.40,$17.50,$22.50,$147.5,M - 808,Metro-North Railroad MISCELLANEOUS,
296,Environmental Remediation,NOCODE PROJECT,NULL,NULL,NULL,NULL,NULL,$3.0,M - 808,Metro-North Railroad MISCELLANEOUS,
297,Systemwide Lead/Asbestos Abatement,NOCODE PROJECT,NULL,NULL,NULL,NULL,NULL,$3.0,M - 808,Metro-North Railroad MISCELLANEOUS,
298,Railroad Protective Liability,NOCODE PROJECT,NULL,NULL,NULL,NULL,NULL,$4.5,M - 808,Metro-North Railroad MISCELLANEOUS,
299,Independent Engineer,NOCODE PROJECT,NULL,NULL,NULL,NULL,NULL,$8.0,M - 808,Metro-North Railroad MISCELLANEOUS,
300,Program Administration,NOCODE PROJECT,NULL,NULL,NULL,NULL,NULL,$50.0,M - 808,Metro-North Railroad MISCELLANEOUS,
301,Program Scope Development,NOCODE PROJECT,NULL,NULL,NULL,NULL,NULL,$20.0,M - 808,Metro-North Railroad MISCELLANEOUS,
302,OCIP,PROGRAM,NULL,NULL,NULL,NULL,NULL,$34.0,M - 808,Metro-North Railroad MISCELLANEOUS,
303,Systemwide Security Initiatives,NOCODE PROJECT,NULL,NULL,NULL,NULL,NULL,$10.0,M - 808,Metro-North Railroad MISCELLANEOUS,
304,Small Business Mentoring Program Administration,NOCODE PROJECT,NULL,NULL,NULL,NULL,NULL,$7.0,M - 808,Metro-North Railroad MISCELLANEOUS,
305,EAM Reserve,NOCODE PROJECT,NULL,NULL,NULL,NULL,NULL,$8.0,M - 808,Metro-North Railroad MISCELLANEOUS,
306,TOTAL Metro-North Railroad,TOTAL,"$1,042.10",$756.60,$712.40,$864.70,$182.30,"$3,558.2",ALL-ALL,All Agency Summary,All Agency Summary
307,TOTAL Long Island Rail Road,TOTAL,$957.10,$865.70,$650.80,$656.30,$607.10,"$3,737.0",ALL-ALL,All Agency Summary,All Agency Summary
308,TOTAL Capital Construction Company,TOTAL,"$1,466.50","$3,258.00","$2,349.10",$494.00,$230.60,"$7,798.0",ALL-ALL,All Agency Summary,All Agency Summary
309,TOTAL New York City Transit,TOTAL,"$8,970.00","$7,806.00","$10,001.40","$5,643.50","$2,968.00","$35,389.0",ALL-ALL,All Agency Summary,All Agency Summary
310,BUS COMPANY PROJECTS,PROJECT TOTAL,$334.70,$98.00,$231.30,$162.30,$44.40,$870.7,U - 803,MTA Bus Company BUS COMPANY PROJECTS,
311,Purchase 25 Standard Electric Buses,NR,NULL,NULL,NULL,NULL,NULL,$49.1,U - 803,MTA Bus Company BUS COMPANY PROJECTS,
312,Purchase 237 Standard Buses,SGR,NULL,NULL,NULL,NULL,NULL,$163.3,U - 803,MTA Bus Company BUS COMPANY PROJECTS,
313,Purchase 228 Standard Buses,NR,NULL,NULL,NULL,NULL,NULL,$193.4,U - 803,MTA Bus Company BUS COMPANY PROJECTS,
314,Purchase 55 Standard Buses,SI,NULL,NULL,NULL,NULL,NULL,$37.9,U - 803,MTA Bus Company BUS COMPANY PROJECTS,
315,Purchase 250 Express Buses,SGR,NULL,NULL,NULL,NULL,NULL,$188.4,U - 803,MTA Bus Company BUS COMPANY PROJECTS,
316,Purchase 42 Articulated Buses,NR,NULL,NULL,NULL,NULL,NULL,$42.6,U - 803,MTA Bus Company BUS COMPANY PROJECTS,
317,Purchase 37 Articulated Buses,SI,NULL,NULL,NULL,NULL,NULL,$39.4,U - 803,MTA Bus Company BUS COMPANY PROJECTS,
318,Bus Systems,SI,NULL,NULL,NULL,NULL,NULL,$5.0,U - 803,MTA Bus Company BUS COMPANY PROJECTS,
319,Depot Component Repairs: Various Locations,VAR,NULL,NULL,NULL,NULL,NULL,$61.8,U - 803,MTA Bus Company BUS COMPANY PROJECTS,
320,Purchase Rubber Tire Vehicles,NR,NULL,NULL,NULL,NULL,NULL,$2.0,U - 803,MTA Bus Company BUS COMPANY PROJECTS,
321,Electric Fleet Mod at 1 MTA Bus Depot,SI,NULL,NULL,NULL,NULL,NULL,$20.0,U - 803,MTA Bus Company BUS COMPANY PROJECTS,
322,Miscellaneous Depot Investments,VAR,NULL,NULL,NULL,NULL,NULL,$36.3,U - 803,MTA Bus Company BUS COMPANY PROJECTS,
323,Traffic Signal Priority,SI,NULL,NULL,NULL,NULL,NULL,$2.5,U - 803,MTA Bus Company BUS COMPANY PROJECTS,
324,Project Engineering and Administration,NOCODE PROJECT,NULL,NULL,NULL,NULL,NULL,$29.0,U - 803,MTA Bus Company BUS COMPANY PROJECTS,
325,MTA POLICE DEPARTMENT,PROJECT TOTAL,$6.80,$5.40,$8.80,$4.50,$13.40,$38.9,N - 810,MTA POLICE DEPARTMENT,
326,Mt Vernon District Office Rehab/Replacement,NR,NULL,NULL,NULL,NULL,NULL,$12.0,N - 810,MTA POLICE DEPARTMENT,
327,MRRS Antenna Systems and Transmitters,SI,NULL,NULL,NULL,NULL,NULL,$8.0,N - 810,MTA POLICE DEPARTMENT,
328,Communications Radio Equipment,SI,NULL,NULL,NULL,NULL,NULL,$12.6,N - 810,MTA POLICE DEPARTMENT,
329,ESA Grand Central Terminal,NR,NULL,NULL,NULL,NULL,NULL,$2.0,N - 810,MTA POLICE DEPARTMENT,
330,REP-ESU Fleet Vehicle Purchases,NR,NULL,NULL,NULL,NULL,NULL,$1.8,N - 810,MTA POLICE DEPARTMENT,
331,"Other Facility, Vehicle and Admin Support",NR,NULL,NULL,NULL,NULL,NULL,$2.5,N - 810,MTA POLICE DEPARTMENT,
332,MTA PLANNING INITIATIVES,PROJECT TOTAL,$14.00,$15.00,$16.00,$17.00,$18.00,$80.0,N - 811,MTA Interagency MTA PLANNING,
333,Core Planning Support,SI,NULL,NULL,NULL,NULL,NULL,$10.0,N - 811,MTA Interagency MTA PLANNING,
334,Corridor Planning Support,SI,NULL,NULL,NULL,NULL,NULL,$10.0,N - 811,MTA Interagency MTA PLANNING,
335,Other Capital Planning Initiatives,SI,NULL,NULL,NULL,NULL,NULL,$60.0,N - 811,MTA Interagency MTA PLANNING,
336,EAST SIDE ACCESS,NE,$0.00,$518.90,$279.30,$0.00,$0.00,$798.2,G - 809,Capital Construction Company EAST SIDE ACCESS,
337,SECOND AVE SUBWAY - PHASE 2,NE,$190.00,"$2,215.00","$1,850.00",$150.00,$150.00,"$4,555.0",G - 810,Capital Construction Company FULL LENGTH SECOND AVE SUBWAY,
338,01 PENN STATION ACCESS,NE,$964.30,$57.80,$57.80,$51.30,$0.00,"$1,131.1",G - 811,Capital Construction Company PENN STATION ACCESS,
339,LIRR EXPANSION PROJECT,NE,$312.20,$132.30,$78.10,$15.90,$0.00,$538.5,G - 813,Capital Construction Company LIRR EXPANSION PROJECT,
340,REGIONAL INVESTMENTS,NE,$0.00,$301.40,$50.60,$142.70,$45.80,$540.5,G - 814,Capital Construction Company REGIONAL INVESTMENTS,
341,MISCELLANEOUS,PROJECT TOTAL,$0.00,$32.50,$33.30,$134.00,$34.80,$234.6,G - 816,Capital Construction Company MISCELLANEOUS,
342,Misc Engineering/Prog Support,NE,NULL,NULL,NULL,NULL,NULL,$117.8,G - 816,Capital Construction Company MISCELLANEOUS,
343,MTA Indep. Engineering Consultant,NE,NULL,NULL,NULL,NULL,NULL,$16.8,G - 816,Capital Construction Company MISCELLANEOUS,
344,Additional Program Support,NE,NULL,NULL,NULL,NULL,NULL,$100.0,G - 816,Capital Construction Company MISCELLANEOUS,
345,TOTAL 2020-2024 CPRB PROGRAM,TOTAL,"$12,791.10","$12,804.80","$13,969.80","$7,842.20","$4,063.90","$51,471.8",ALL-ALL,All Agency Summary,PROGRAM TOTAL
346,TOTAL 2020-2024 CAPITAL PROGRAM,TOTAL,"$13,447.00","$13,156.60","$14,837.10","$8,809.60","$4,548.70","$54,798.9",ALL-ALL,All Agency Summary,
347,B&T TOTAL PROGRAM,TOTAL,$655.90,$351.80,$867.30,$967.40,$484.80,"$3,327.1",D - 807,Bridges and Tunnels STRUCTURAL PAINTING,
348,TOTAL MTA Interagency,TOTAL,$20.80,$20.40,$24.80,$21.50,$31.40,$118.9,CPRB-SUM,CPRB Agency Summary,
349,TOTAL MTA Bus Company,TOTAL,$334.70,$98.00,$231.30,$162.30,$44.40,$870.7,CPRB-SUM,CPRB Agency Summary,
350,TOTAL Metro-North Railroad,TOTAL,"$1,042.10",$756.60,$712.40,$864.70,$182.30,"$3,558.2",CPRB-SUM,CPRB Agency Summary,
351,TOTAL Long Island Rail Road,TOTAL,$957.10,$865.70,$650.80,$656.30,$607.10,"$3,737.0",CPRB-SUM,CPRB Agency Summary,
352,AW AGENCY-WIDE,PROJECT TOTAL,$0.00,$0.00,$0.00,$0.00,$20.80,$20.8,D - 801,Bridges and Tunnels STRUCTURES,
353,X3 Structural Health Monitoring,SI,NULL,NULL,NULL,NULL,NULL,$20.8,D - 801,Bridges and Tunnels STRUCTURES,
354,BW BRONX-WHITESTONE BRIDGE,PROJECT TOTAL,$0.00,$2.70,$0.00,$19.40,$0.00,$22.0,D - 801,Bridges and Tunnels STRUCTURES,
355,14 Miscellaneous Structural Rehabilitation,NR,NULL,NULL,NULL,NULL,NULL,$22.0,D - 801,Bridges and Tunnels STRUCTURES,
356,CB CROSS BAY BRIDGE,PROJECT TOTAL,$9.60,$8.20,$21.90,$0.00,$0.00,$39.8,D - 801,Bridges and Tunnels STRUCTURES,
357,24 Rehabilitation/Reconstruction of Rockaway Crossing,NR,NULL,NULL,NULL,NULL,NULL,$8.2,D - 801,Bridges and Tunnels STRUCTURES,
358,30 Structural Rehabilitation of CBB,NR,NULL,NULL,NULL,NULL,NULL,$31.5,D - 801,Bridges and Tunnels STRUCTURES,
359,HC HUGH L. CAREY TUNNEL,PROJECT TOTAL,$0.00,$0.00,$10.40,$13.50,$0.00,$24.0,D - 801,Bridges and Tunnels STRUCTURES,
360,28 Tunnel Rehabilitation,NR,NULL,NULL,NULL,NULL,NULL,$7.4,D - 801,Bridges and Tunnels STRUCTURES,
361,48 Rehabilitation of Tunnel Entrance/Exit - Manhattan,NR,NULL,NULL,NULL,NULL,NULL,$6.3,D - 801,Bridges and Tunnels STRUCTURES,
362,84 Rehabilitation of Pipe Gallery,NR,NULL,NULL,NULL,NULL,NULL,$10.4,D - 801,Bridges and Tunnels STRUCTURES,
363,HH HENRY HUDSON BRIDGE,PROJECT TOTAL,$3.10,$0.10,$120.00,$0.00,$0.50,$123.6,D - 801,Bridges and Tunnels STRUCTURES,
364,36 Dyckman St. Abutment Repl. & Substation Upgrade,NR,NULL,NULL,NULL,NULL,NULL,$120.5,D - 801,Bridges and Tunnels STRUCTURES,
365,37 Upper Level North Abutment & Retaining Wall Recon.,NR,NULL,NULL,NULL,NULL,NULL,$3.1,D - 801,Bridges and Tunnels STRUCTURES,
366,MP MARINE PARKWAY BRIDGE,PROJECT TOTAL,$0.00,$2.20,$25.70,$0.00,$0.00,$27.9,D - 801,Bridges and Tunnels STRUCTURES,
367,16 Miscellaneous Steel Repairs,NR,NULL,NULL,NULL,NULL,NULL,$27.9,D - 801,Bridges and Tunnels STRUCTURES,
368,QM QUEENS MIDTOWN TUNNEL,PROJECT TOTAL,$0.10,$3.30,$13.70,$0.00,$0.50,$17.5,D - 801,Bridges and Tunnels STRUCTURES,
369,40 Tunnel Rehabilitation,NR,NULL,NULL,NULL,NULL,NULL,$3.8,D - 801,Bridges and Tunnels STRUCTURES,
370,84 Rehabilitation of Pipe Gallery,NR,NULL,NULL,NULL,NULL,NULL,$13.7,D - 801,Bridges and Tunnels STRUCTURES,
371,RK ROBERT F. KENNEDY BRIDGE,PROJECT TOTAL,$23.80,$9.20,$186.00,$216.10,$89.60,$524.6,D - 801,Bridges and Tunnels STRUCTURES,
372,04 Ward's Island/Queens Anchorage Rehabilitation,NR,NULL,NULL,NULL,NULL,NULL,$172.5,D - 801,Bridges and Tunnels STRUCTURES,
373,19 Suspended Span Retrofit,NR,NULL,NULL,NULL,NULL,NULL,$137.0,D - 801,Bridges and Tunnels STRUCTURES,
374,70 Structural Repairs/Flag Repairs,NR,NULL,NULL,NULL,NULL,NULL,$62.1,D - 801,Bridges and Tunnels STRUCTURES,
375,80 New Major Deegan to Bronx Approach Ramp,SI,NULL,NULL,NULL,NULL,NULL,$7.4,D - 801,Bridges and Tunnels STRUCTURES,
376,81 Facility Interoperability Improvements,NR,NULL,NULL,NULL,NULL,NULL,$8.8,D - 801,Bridges and Tunnels STRUCTURES,
377,83 Lift Span Fender Upgrades,NR,NULL,NULL,NULL,NULL,NULL,$44.7,D - 801,Bridges and Tunnels STRUCTURES,
378,93 Reconstruct / Relocate RI Ramps (QR & RM),SI,NULL,NULL,NULL,NULL,NULL,$92.1,D - 801,Bridges and Tunnels STRUCTURES,
379,THROGS NECK BRIDGE,PROJECT TOTAL,$0.00,$0.00,$1.60,$0.00,$170.10,$171.7,D - 801,Bridges and Tunnels STRUCTURES,
380,Miscellaneous Structural Rehabilitation,NR,NULL,NULL,NULL,NULL,NULL,$27.2,D - 801,Bridges and Tunnels STRUCTURES,
381,Anchorage & Tower Protection,NR,NULL,NULL,NULL,NULL,NULL,$144.5,D - 801,Bridges and Tunnels STRUCTURES,
382,VN VERRAZZANO-NARROWS BRIDGE,PROJECT TOTAL,$0.00,$0.00,$0.00,$26.30,$7.10,$33.4,D - 801,Bridges and Tunnels STRUCTURES,
383,32 Steel Repair & Concrete Rehabilitation,NR,NULL,NULL,NULL,NULL,NULL,$33.4,D - 801,Bridges and Tunnels STRUCTURES,
384,BW BRONX-WHITESTONE BRIDGE,PROJECT TOTAL,$0.40,$0.00,$0.10,$2.80,$0.00,$3.2,D - 802,Bridges and Tunnels ROADWAYS & DECKS,
385,63 Facility Interoperability Improvements,SI,NULL,NULL,NULL,NULL,NULL,$3.2,D - 802,Bridges and Tunnels ROADWAYS & DECKS,
386,HH HENRY HUDSON BRIDGE,PROJECT TOTAL,$0.90,$10.30,$0.00,$0.00,$0.00,$11.1,D - 802,Bridges and Tunnels ROADWAYS & DECKS,
387,14 Deck Rehabilitation and Resurfacing,NR,NULL,NULL,NULL,NULL,NULL,$11.1,D - 802,Bridges and Tunnels ROADWAYS & DECKS,
388,RK ROBERT F. KENNEDY BRIDGE,PROJECT TOTAL,$1.40,$21.70,$0.00,$3.30,$0.00,$26.5,D - 802,Bridges and Tunnels ROADWAYS & DECKS,
389,75 Deck Rehabilitation & Overlay,NR,NULL,NULL,NULL,NULL,NULL,$23.1,D - 802,Bridges and Tunnels ROADWAYS & DECKS,
390,90 Widening of S/B FDR Drive - 125 St to 116 St,SI,NULL,NULL,NULL,NULL,NULL,$3.3,D - 802,Bridges and Tunnels ROADWAYS & DECKS,
391,VN VERRAZZANO-NARROWS BRIDGE,PROJECT TOTAL,$0.00,$15.00,$184.50,$589.50,$0.00,$789.0,D - 802,Bridges and Tunnels ROADWAYS & DECKS,
392,81 Lower Level Main Span Deck Rehabilitation,NR,NULL,NULL,NULL,NULL,NULL,$102.5,D - 802,Bridges and Tunnels ROADWAYS & DECKS,
393,84 Ph.2 -Reconstruction of Upper Level Approach,NR,NULL,NULL,NULL,NULL,NULL,$604.5,D - 802,Bridges and Tunnels ROADWAYS & DECKS,
394,"86 Widening Belt Parkway, Phase 1B",SI,NULL,NULL,NULL,NULL,NULL,$82.0,D - 802,Bridges and Tunnels ROADWAYS & DECKS,
395,AW AGENCY-WIDE,PROJECT TOTAL,$37.90,$14.40,$10.20,$2.10,$0.00,$64.6,D - 803,Bridges and Tunnels TSMO,
396,Fiber Optic Infrastructure and Integration,SI,NULL,NULL,NULL,NULL,NULL,$10.2,D - 803,Bridges and Tunnels TSMO,
397,Traffic Detection/Incident Mgmt. Systems,SI,NULL,NULL,NULL,NULL,NULL,$6.7,D - 803,Bridges and Tunnels TSMO,
398,ATMS Enhancements & Upgrades/OCCC System,SI,NULL,NULL,NULL,NULL,NULL,$11.6,D - 803,Bridges and Tunnels TSMO,
399,Toll Collection System Rehabilitation/Upgrades,NR,NULL,NULL,NULL,NULL,NULL,$7.1,D - 803,Bridges and Tunnels TSMO,
400,SCADA Systems,NR,NULL,NULL,NULL,NULL,NULL,$8.5,D - 803,Bridges and Tunnels TSMO,
401,Adv. Traveler Info. Systems (ATIS) & VMS Upgrades,NR,NULL,NULL,NULL,NULL,NULL,$20.5,D - 803,Bridges and Tunnels TSMO,
402,AW AGENCY-WIDE,PROJECT TOTAL,$1.00,$1.50,$45.10,$0.00,$0.00,$47.6,D - 804,Bridges and Tunnels UTILITIES,
403,11 Replacement & Upgrade of Fueling Systems,NR,NULL,NULL,NULL,NULL,NULL,$11.3,D - 804,Bridges and Tunnels UTILITIES,
404,73 Rehab/Replace Facility Monitoring & Safety Systems,NR,NULL,NULL,NULL,NULL,NULL,$36.3,D - 804,Bridges and Tunnels UTILITIES,
405,BW BRONX-WHITESTONE BRIDGE,PROJECT TOTAL,$1.50,$4.00,$53.50,$0.00,$0.00,$59.0,D - 804,Bridges and Tunnels UTILITIES,
406,"96 Lighting, Power Redundancy & Resiliency Imprvmts",NR,NULL,NULL,NULL,NULL,NULL,$54.9,D - 804,Bridges and Tunnels UTILITIES,
407,98 Cable Dehumidification and Miscellaneous Work,SI,NULL,NULL,NULL,NULL,NULL,$4.0,D - 804,Bridges and Tunnels UTILITIES,
408,HC HUGH L. CAREY TUNNEL,PROJECT TOTAL,$0.00,$0.00,$0.00,$3.10,$0.00,$3.1,D - 804,Bridges and Tunnels UTILITIES,
409,83 Installation of Fire Suppression System,SI,NULL,NULL,NULL,NULL,NULL,$3.1,D - 804,Bridges and Tunnels UTILITIES,
410,MP MARINE PARKWAY BRIDGE,PROJECT TOTAL,$0.90,$0.00,$34.50,$0.00,$0.00,$35.4,D - 804,Bridges and Tunnels UTILITIES,
411,09 Electrical Rehabilitation (Elevator),NR,NULL,NULL,NULL,NULL,NULL,$35.4,D - 804,Bridges and Tunnels UTILITIES,
412,QM QUEENS MIDTOWN TUNNEL,PROJECT TOTAL,$0.00,$0.00,$0.00,$3.10,$0.00,$3.1,D - 804,Bridges and Tunnels UTILITIES,
413,85 Installation of Fire Suppression System,SI,NULL,NULL,NULL,NULL,NULL,$3.1,D - 804,Bridges and Tunnels UTILITIES,
414,RK ROBERT F. KENNEDY BRIDGE,PROJECT TOTAL,$0.00,$1.20,$31.00,$0.00,$0.00,$32.2,D - 804,Bridges and Tunnels UTILITIES,
415,21 Install Fire Standpipe/Upgrade Protection System,NR,NULL,NULL,NULL,NULL,NULL,$32.2,D - 804,Bridges and Tunnels UTILITIES,
416,TN THROGS NECK BRIDGE,PROJECT TOTAL,$0.00,$0.00,$7.00,$0.00,$0.00,$7.0,D - 804,Bridges and Tunnels UTILITIES,
417,85 Bridge Structural Lighting & Misc Struct Upgrades,NR,NULL,NULL,NULL,NULL,NULL,$7.0,D - 804,Bridges and Tunnels UTILITIES,
418,VN VERRAZZANO-NARROWS BRIDGE,PROJECT TOTAL,$5.00,$0.00,$24.50,$0.00,$0.00,$29.5,D - 804,Bridges and Tunnels UTILITIES,
419,12 Misc. Bridge Lighting & Electrical Improvements,NR,NULL,NULL,NULL,NULL,NULL,$26.2,D - 804,Bridges and Tunnels UTILITIES,
420,94 Rehabilitation of Fire Standpipe System,NR,NULL,NULL,NULL,NULL,NULL,$3.3,D - 804,Bridges and Tunnels UTILITIES,
421,AW AGENCY-WIDE,PROJECT TOTAL,$12.30,$0.00,$0.00,$0.00,$8.20,$20.5,D - 805,Bridges and Tunnels BUILDINGS & SITES,
422,12 Hazardous Materials Abatement,NR,NULL,NULL,NULL,NULL,NULL,$12.3,D - 805,Bridges and Tunnels BUILDINGS & SITES,
423,X9 Service Building Upgrades,NR,NULL,NULL,NULL,NULL,NULL,$8.2,D - 805,Bridges and Tunnels BUILDINGS & SITES,
424,HC HUGH L. CAREY TUNNEL,PROJECT TOTAL,$0.00,$25.70,$0.00,$0.00,$0.00,$25.7,D - 805,Bridges and Tunnels BUILDINGS & SITES,
425,80 Rehabilitation of HCT Ventilation/Service Building,NR,NULL,NULL,NULL,NULL,NULL,$25.7,D - 805,Bridges and Tunnels BUILDINGS & SITES,
426,QM QUEENS MIDTOWN TUNNEL,PROJECT TOTAL,$0.00,$25.70,$0.00,$0.00,$0.00,$25.7,D - 805,Bridges and Tunnels BUILDINGS & SITES,
427,36 Rehabilitation Ventilation/Service Buildings,NR,NULL,NULL,NULL,NULL,NULL,$25.7,D - 805,Bridges and Tunnels BUILDINGS & SITES,
428,RK ROBERT F. KENNEDY BRIDGE,PROJECT TOTAL,$1.20,$17.80,$0.00,$0.00,$0.00,$19.0,D - 805,Bridges and Tunnels BUILDINGS & SITES,
429,82 Storage Facility for Spare Parts & Materials,SI,NULL,NULL,NULL,NULL,NULL,$19.0,D - 805,Bridges and Tunnels BUILDINGS & SITES,
430,AW AGENCY-WIDE,PROJECT TOTAL,$555.20,$0.00,$42.30,$0.20,$4.80,$602.5,D - 806,Bridges and Tunnels MISCELLANEOUS,
431,10 EAM,SI,NULL,NULL,NULL,NULL,NULL,$7.8,D - 806,Bridges and Tunnels MISCELLANEOUS,
432,15 MTA Independent Engineer,NOCODE PROJECT,NULL,NULL,NULL,NULL,NULL,$3.9,D - 806,Bridges and Tunnels MISCELLANEOUS,
433,18 Protective Liability Insurance,NOCODE PROJECT,NULL,NULL,NULL,NULL,NULL,$13.0,D - 806,Bridges and Tunnels MISCELLANEOUS,
434,21 Program Administration,NOCODE PROJECT,NULL,NULL,NULL,NULL,NULL,$12.3,D - 806,Bridges and Tunnels MISCELLANEOUS,
435,22 Miscellaneous,NOCODE PROJECT,NULL,NULL,NULL,NULL,NULL,$507.1,D - 806,Bridges and Tunnels MISCELLANEOUS,
436,28 Scope Development,NOCODE PROJECT,NULL,NULL,NULL,NULL,NULL,$11.1,D - 806,Bridges and Tunnels MISCELLANEOUS,
437,85 TEA - Reserve,NOCODE PROJECT,NULL,NULL,NULL,NULL,NULL,$7.3,D - 806,Bridges and Tunnels MISCELLANEOUS,
438,94 Small Business Mentoring Program,NOCODE PROJECT,NULL,NULL,NULL,NULL,NULL,$40.1,D - 806,Bridges and Tunnels MISCELLANEOUS,
439,CB CROSS BAY BRIDGE,PROJECT TOTAL,$0.00,$8.00,$0.00,$0.00,$0.00,$8.0,D - 806,Bridges and Tunnels MISCELLANEOUS,
440,X1 Operational Improvement,SI,NULL,NULL,NULL,NULL,NULL,$8.0,D - 806,Bridges and Tunnels MISCELLANEOUS,
441,MP MARINE PARKWAY BRIDGE,PROJECT TOTAL,$0.00,$11.30,$0.00,$0.00,$0.00,$11.3,D - 806,Bridges and Tunnels MISCELLANEOUS,
442,X1 Operational Improvement,SI,NULL,NULL,NULL,NULL,NULL,$11.3,D - 806,Bridges and Tunnels MISCELLANEOUS,
443,VN VERRAZZANO-NARROWS BRIDGE,PROJECT TOTAL,$0.00,$91.80,$0.00,$0.00,$0.00,$91.8,D - 806,Bridges and Tunnels MISCELLANEOUS,
444,X1 Operational Improvement,SI,NULL,NULL,NULL,NULL,NULL,$91.8,D - 806,Bridges and Tunnels MISCELLANEOUS,
445,BW BRONX-WHITESTONE BRIDGE,PROJECT TOTAL,$0.00,$0.00,$0.60,$25.70,$0.00,$26.3,D - 807,Bridges and Tunnels STRUCTURAL PAINTING,
446,PT BW Facility-Wide Painting Program,NR,NULL,NULL,NULL,NULL,NULL,$26.3,D - 807,Bridges and Tunnels STRUCTURAL PAINTING,
447,MP MARINE PARKWAY BRIDGE,PROJECT TOTAL,$0.20,$0.00,$16.30,$0.00,$0.00,$16.5,D - 807,Bridges and Tunnels STRUCTURAL PAINTING,
448,PT MP Facility-Wide Painting Program,NR,NULL,NULL,NULL,NULL,NULL,$16.5,D - 807,Bridges and Tunnels STRUCTURAL PAINTING,
449,RK ROBERT F. KENNEDY BRIDGE,PROJECT TOTAL,$1.50,$77.60,$37.70,$0.00,$0.00,$116.8,D - 807,Bridges and Tunnels STRUCTURAL PAINTING,
450,19 Zone/Maintenance Painting of Suspended Spans,NR,NULL,NULL,NULL,NULL,NULL,$37.7,D - 807,Bridges and Tunnels STRUCTURAL PAINTING,
451,PT RK Facility-Wide Painting Program,NR,NULL,NULL,NULL,NULL,NULL,$79.1,D - 807,Bridges and Tunnels STRUCTURAL PAINTING,
452,TN THROGS NECK BRIDGE,PROJECT TOTAL,$0.00,$0.00,$0.50,$62.20,$0.00,$62.7,D - 807,Bridges and Tunnels STRUCTURAL PAINTING,
453,PT TN Facility-Wide Painting Program,NR,NULL,NULL,NULL,NULL,NULL,$62.7,D - 807,Bridges and Tunnels STRUCTURAL PAINTING,
454,VN VERRAZZANO-NARROWS BRIDGE,PROJECT TOTAL,$0.00,$0.00,$0.50,$0.00,$183.10,$183.6,D - 807,Bridges and Tunnels STRUCTURAL PAINTING,
455,PT VN Facility-Wide Painting Program,NR,NULL,NULL,NULL,NULL,NULL,$183.6,D - 807,Bridges and Tunnels STRUCTURAL PAINTING,
456,TOTAL Capital Construction Company,TOTAL,"$1,466.50","$3,258.00","$2,349.10",$494.00,$230.60,"$7,798.0",CPRB-SUM,CPRB Agency Summary,
457,TOTAL New York City Transit,TOTAL,"$8,970.00","$7,806.00","$10,001.40","$5,643.50","$2,968.00","$35,389.0",CPRB-SUM,CPRB Agency Summary,
458,TOTAL 2020-2024 CPRB PROGRAM,TOTAL,"$12,791.10","$12,804.80","$13,969.80","$7,842.20","$4,063.90","$51,471.8",CPRB-SUM,CPRB Agency Summary,PROGRAM TOTAL
459,MNR TOTAL PROGRAM,TOTAL,"$1,042.10",$756.60,$712.40,$864.70,$182.30,"$3,558.2",M - 808,Metro-North Railroad MISCELLANEOUS,PROGRAM TOTAL
460,TOTAL Metro-North Railroad,TOTAL,"$1,042.10",$756.60,$712.40,$864.70,$182.30,"$3,558.2",M - 808,Metro-North Railroad MISCELLANEOUS,
461,TOTAL Long Island Rail Road,TOTAL,$957.10,$865.70,$650.80,$656.30,$607.10,"$3,737.0",M - 808,Metro-North Railroad MISCELLANEOUS,
462,TOTAL COMMUTER RAILROAD AGENCY PROGRAM,TOTAL,"$1,999.20","$1,622.40","$1,363.20","$1,521.00",$789.50,"$7,295.2",M - 808,Metro-North Railroad MISCELLANEOUS,PROGRAM TOTAL
463,TOTAL Staten Island Railway,TOTAL,$150.60,$25.90,$10.00,$176.20,$10.80,$373.5,NYCT-SUM,New York City Transit Agency Summary,
464,TOTAL New York City Transit,TOTAL,"$8,819.40","$7,780.10","$9,991.40","$5,467.40","$2,957.30","$35,015.5",NYCT-SUM,New York City Transit Agency Summary,
465,TOTAL NEW YORK CITY TRANSIT AGENCY PROGRAM,TOTAL,"$8,970.00","$7,806.00","$10,001.40","$5,643.50","$2,968.00","$35,389.0",NYCT-SUM,New York City Transit Agency Summary,PROGRAM TOTAL
,,,,,,,,,,,PROGRAM TOTAL